User,Month,Expense,Income,Savings,SavingsRate,OverspendingIndex,RiskScore
1,2021-07,1576.09,0.0,-1576.09,-1576.09,1576.09,1103.663
1,2024-01,1037.84,0.0,-1037.84,-1037.84,1037.84,726.8879999999999
1,2024-06,419.1,0.0,-419.1,-419.1,419.1,293.77000000000004
2,2020-09,981.58,0.0,-981.58,-981.58,981.58,687.5060000000001
2,2020-11,180.45,0.0,-180.45,-180.45,180.45,126.715
2,2021-03,504.06,0.0,-504.06,-504.06,504.06,353.24199999999996
2,2022-11,1748.5,0.0,-1748.5,-1748.5,1748.5,1224.35
2,2024-06,1003.01,0.0,-1003.01,-1003.01,1003.01,702.5070000000001
3,2021-12,1770.41,0.0,-1770.41,-1770.41,1770.41,1239.6870000000001
3,2022-05,0.0,2607.0,2607.0,1.0,0.0,0.0
4,2020-06,799.34,0.0,-799.34,-799.34,799.34,559.938
4,2023-06,549.8,0.0,-549.8,-549.8,549.8,385.26
4,2024-05,1350.66,0.0,-1350.66,-1350.66,1350.66,945.8620000000001
5,2021-07,1176.9,0.0,-1176.9,-1176.9,1176.9,824.23
5,2021-08,348.27,0.0,-348.27,-348.27,348.27,244.189
5,2023-09,1672.11,0.0,-1672.11,-1672.11,1672.11,1170.877
6,2023-05,1956.01,2638.0,681.99,0.2585253980288097,0.7414746019711903,0.5190322213798332
7,2022-07,1830.33,0.0,-1830.33,-1830.33,1830.33,1281.6309999999999
8,2020-04,1415.77,0.0,-1415.77,-1415.77,1415.77,991.439
8,2022-05,864.17,0.0,-864.17,-864.17,864.17,605.319
8,2023-08,722.26,0.0,-722.26,-722.26,722.26,505.982
8,2023-09,64.63,0.0,-64.63,-64.63,64.63,45.641
9,2020-06,0.0,1925.0,1925.0,1.0,0.0,0.0
9,2020-12,1156.73,0.0,-1156.73,-1156.73,1156.73,810.1110000000001
9,2022-07,1321.98,0.0,-1321.98,-1321.98,1321.98,925.7860000000001
10,2024-07,1794.97,0.0,-1794.97,-1794.97,1794.97,1256.879
11,2022-02,832.98,0.0,-832.98,-832.98,832.98,583.4860000000001
12,2021-02,1935.09,0.0,-1935.09,-1935.09,1935.09,1354.963
12,2021-08,0.0,4203.0,4203.0,1.0,0.0,0.0
12,2024-02,39.3,0.0,-39.3,-39.3,39.3,27.91
12,2024-10,694.84,0.0,-694.84,-694.84,694.84,486.788
13,2021-06,878.08,0.0,-878.08,-878.08,878.08,615.056
13,2023-10,0.0,1365.0,1365.0,1.0,0.0,0.0
13,2024-04,0.0,3852.0,3852.0,1.0,0.0,0.0
14,2020-03,1111.41,0.0,-1111.41,-1111.41,1111.41,778.3870000000001
14,2020-06,1113.28,0.0,-1113.28,-1113.28,1113.28,779.6959999999999
15,2020-05,0.0,2291.0,2291.0,1.0,0.0,0.0
15,2020-07,1402.47,3084.0,1681.53,0.5452431906614786,0.4547568093385214,0.318329766536965
15,2020-11,0.0,825.0,825.0,1.0,0.0,0.0
15,2021-12,39.57,0.0,-39.57,-39.57,39.57,28.099000000000004
15,2023-09,692.04,0.0,-692.04,-692.04,692.04,484.828
16,2024-05,1113.56,0.0,-1113.56,-1113.56,1113.56,779.892
16,2024-08,616.34,0.0,-616.34,-616.34,616.34,431.8380000000001
17,2023-08,0.0,2812.0,2812.0,1.0,0.0,0.0
17,2023-09,108.77,0.0,-108.77,-108.77,108.77,76.539
18,2020-02,734.8,0.0,-734.8,-734.8,734.8,514.76
18,2023-10,126.6,0.0,-126.6,-126.6,126.6,89.02
19,2024-12,1386.72,0.0,-1386.72,-1386.72,1386.72,971.104
20,2023-07,695.06,0.0,-695.06,-695.06,695.06,486.94199999999995
21,2020-05,0.0,1838.0,1838.0,1.0,0.0,0.0
21,2020-06,388.92,0.0,-388.92,-388.92,388.92,272.644
21,2020-11,1947.94,0.0,-1947.94,-1947.94,1947.94,1363.958
21,2022-02,281.7,0.0,-281.7,-281.7,281.7,197.58999999999997
21,2023-03,0.0,4105.0,4105.0,1.0,0.0,0.0
22,2020-03,318.05,0.0,-318.05,-318.05,318.05,223.03500000000003
22,2022-09,984.02,0.0,-984.02,-984.02,984.02,689.2139999999999
22,2024-11,588.4,0.0,-588.4,-588.4,588.4,412.28
23,2024-07,195.45,0.0,-195.45,-195.45,195.45,137.21499999999997
23,2024-10,1554.53,0.0,-1554.53,-1554.53,1554.53,1088.571
24,2020-12,1279.36,0.0,-1279.36,-1279.36,1279.36,895.952
24,2022-06,1909.67,0.0,-1909.67,-1909.67,1909.67,1337.1689999999999
24,2023-05,1176.17,0.0,-1176.17,-1176.17,1176.17,823.719
24,2023-08,319.27,0.0,-319.27,-319.27,319.27,223.889
24,2024-05,0.0,3396.0,3396.0,1.0,0.0,0.0
25,2023-10,1536.02,0.0,-1536.02,-1536.02,1536.02,1075.614
26,2023-07,1669.88,0.0,-1669.88,-1669.88,1669.88,1169.316
27,2021-09,1975.18,0.0,-1975.18,-1975.18,1975.18,1383.026
27,2021-10,1425.69,0.0,-1425.69,-1425.69,1425.69,998.383
27,2022-07,0.0,508.0,508.0,1.0,0.0,0.0
27,2022-12,274.07,0.0,-274.07,-274.07,274.07,192.249
28,2021-06,1557.6100000000001,0.0,-1557.6100000000001,-1557.6100000000001,1557.6100000000001,1090.727
28,2021-10,472.06,0.0,-472.06,-472.06,472.06,330.842
28,2021-11,185.38,0.0,-185.38,-185.38,185.38,130.166
28,2023-06,1794.22,0.0,-1794.22,-1794.22,1794.22,1256.354
29,2021-04,1005.52,0.0,-1005.52,-1005.52,1005.52,704.264
29,2024-02,1038.16,0.0,-1038.16,-1038.16,1038.16,727.1120000000001
29,2024-11,1313.12,0.0,-1313.12,-1313.12,1313.12,919.5840000000001
30,2021-04,1939.48,0.0,-1939.48,-1939.48,1939.48,1358.036
30,2023-04,1259.88,0.0,-1259.88,-1259.88,1259.88,882.316
32,2023-04,1170.22,0.0,-1170.22,-1170.22,1170.22,819.5540000000001
32,2023-12,0.0,4491.0,4491.0,1.0,0.0,0.0
33,2021-05,290.11,0.0,-290.11,-290.11,290.11,203.47700000000003
33,2021-06,723.34,0.0,-723.34,-723.34,723.34,506.73800000000006
33,2022-03,1149.74,0.0,-1149.74,-1149.74,1149.74,805.2180000000001
33,2022-12,904.65,0.0,-904.65,-904.65,904.65,633.655
33,2024-04,0.0,4592.0,4592.0,1.0,0.0,0.0
33,2024-07,956.98,0.0,-956.98,-956.98,956.98,670.2860000000001
34,2024-02,1891.97,0.0,-1891.97,-1891.97,1891.97,1324.779
34,2024-07,1296.66,0.0,-1296.66,-1296.66,1296.66,908.0620000000001
35,2020-04,133.91,0.0,-133.91,-133.91,133.91,94.137
35,2021-02,0.0,4960.0,4960.0,1.0,0.0,0.0
35,2023-07,0.0,1478.0,1478.0,1.0,0.0,0.0
35,2024-11,121.52,0.0,-121.52,-121.52,121.52,85.464
36,2021-04,153.43,0.0,-153.43,-153.43,153.43,107.80100000000002
36,2023-05,0.0,2481.0,2481.0,1.0,0.0,0.0
37,2021-09,1173.27,0.0,-1173.27,-1173.27,1173.27,821.6890000000001
37,2022-06,0.0,4642.0,4642.0,1.0,0.0,0.0
37,2023-07,280.86,0.0,-280.86,-280.86,280.86,197.002
38,2020-12,537.46,0.0,-537.46,-537.46,537.46,376.622
38,2022-01,1765.47,0.0,-1765.47,-1765.47,1765.47,1236.229
38,2022-05,1792.56,0.0,-1792.56,-1792.56,1792.56,1255.192
39,2021-03,265.39,0.0,-265.39,-265.39,265.39,186.173
39,2022-09,1514.8,0.0,-1514.8,-1514.8,1514.8,1060.76
39,2023-05,0.0,1141.0,1141.0,1.0,0.0,0.0
39,2024-05,0.0,2157.0,2157.0,1.0,0.0,0.0
40,2020-08,1961.22,0.0,-1961.22,-1961.22,1961.22,1373.254
41,2020-04,128.68,0.0,-128.68,-128.68,128.68,90.476
41,2021-10,0.0,2472.0,2472.0,1.0,0.0,0.0
42,2021-02,1737.5,0.0,-1737.5,-1737.5,1737.5,1216.65
42,2022-06,1511.29,0.0,-1511.29,-1511.29,1511.29,1058.303
43,2023-02,1898.63,0.0,-1898.63,-1898.63,1898.63,1329.4410000000003
43,2024-03,62.47,0.0,-62.47,-62.47,62.47,44.129000000000005
44,2020-11,700.94,0.0,-700.94,-700.94,700.94,491.058
44,2021-11,666.08,0.0,-666.08,-666.08,666.08,466.65600000000006
44,2024-11,216.82,0.0,-216.82,-216.82,216.82,152.17399999999998
45,2020-09,881.14,0.0,-881.14,-881.14,881.14,617.198
45,2021-02,1915.87,0.0,-1915.87,-1915.87,1915.87,1341.509
46,2023-03,158.91,0.0,-158.91,-158.91,158.91,111.637
46,2023-08,1929.62,0.0,-1929.62,-1929.62,1929.62,1351.134
46,2024-06,932.73,0.0,-932.73,-932.73,932.73,653.311
47,2023-09,305.82,0.0,-305.82,-305.82,305.82,214.474
47,2024-04,978.85,0.0,-978.85,-978.85,978.85,685.595
48,2020-07,510.29,0.0,-510.29,-510.29,510.29,357.603
48,2021-08,1934.87,0.0,-1934.87,-1934.87,1934.87,1354.8089999999997
48,2022-01,1890.92,0.0,-1890.92,-1890.92,1890.92,1324.0439999999999
48,2022-03,824.18,0.0,-824.18,-824.18,824.18,577.326
48,2022-12,1009.41,0.0,-1009.41,-1009.41,1009.41,706.987
48,2023-02,1110.2,0.0,-1110.2,-1110.2,1110.2,777.54
48,2024-03,1920.67,0.0,-1920.67,-1920.67,1920.67,1344.8690000000001
49,2020-05,123.76,0.0,-123.76,-123.76,123.76,87.03200000000001
49,2023-08,1908.62,1868.0,-40.61999999999989,-0.02174518201284791,1.0217451820128478,0.7152216274089935
50,2020-06,959.19,0.0,-959.19,-959.19,959.19,671.8330000000001
50,2023-10,1714.68,0.0,-1714.68,-1714.68,1714.68,1200.676
51,2020-06,1107.84,0.0,-1107.84,-1107.84,1107.84,775.8879999999999
51,2020-10,1367.31,0.0,-1367.31,-1367.31,1367.31,957.5169999999999
51,2021-05,1600.69,0.0,-1600.69,-1600.69,1600.69,1120.883
51,2022-04,749.97,0.0,-749.97,-749.97,749.97,525.379
51,2023-10,1692.38,0.0,-1692.38,-1692.38,1692.38,1185.066
52,2021-07,408.35,0.0,-408.35,-408.35,408.35,286.245
52,2021-08,1691.86,0.0,-1691.86,-1691.86,1691.86,1184.702
52,2022-03,169.7,0.0,-169.7,-169.7,169.7,119.19
52,2024-02,1099.9,0.0,-1099.9,-1099.9,1099.9,770.3300000000002
53,2020-09,486.51,0.0,-486.51,-486.51,486.51,340.957
53,2020-10,0.0,946.0,946.0,1.0,0.0,0.0
53,2020-11,580.96,0.0,-580.96,-580.96,580.96,407.072
53,2022-03,333.38,0.0,-333.38,-333.38,333.38,233.76600000000002
53,2023-08,88.42,0.0,-88.42,-88.42,88.42,62.294
54,2020-05,0.0,1385.0,1385.0,1.0,0.0,0.0
54,2020-07,1188.27,0.0,-1188.27,-1188.27,1188.27,832.1890000000001
54,2021-09,387.77,0.0,-387.77,-387.77,387.77,271.839
54,2022-02,1137.72,0.0,-1137.72,-1137.72,1137.72,796.8040000000001
54,2022-06,1357.51,0.0,-1357.51,-1357.51,1357.51,950.6569999999999
54,2023-02,670.15,0.0,-670.15,-670.15,670.15,469.505
54,2023-11,1502.73,0.0,-1502.73,-1502.73,1502.73,1052.3110000000001
55,2020-08,1095.72,0.0,-1095.72,-1095.72,1095.72,767.404
55,2023-10,1705.22,0.0,-1705.22,-1705.22,1705.22,1194.054
57,2023-04,1274.47,0.0,-1274.47,-1274.47,1274.47,892.529
58,2020-01,851.78,0.0,-851.78,-851.78,851.78,596.646
58,2023-02,688.11,0.0,-688.11,-688.11,688.11,482.077
58,2023-04,45.65,0.0,-45.65,-45.65,45.65,32.355
58,2023-05,0.0,2353.0,2353.0,1.0,0.0,0.0
58,2024-06,1257.6,3674.0,2416.4,0.6577027762656505,0.34229722373434945,0.2396080566140446
59,2020-06,123.19,0.0,-123.19,-123.19,123.19,86.63300000000001
59,2021-09,0.0,3509.0,3509.0,1.0,0.0,0.0
60,2020-05,1337.12,0.0,-1337.12,-1337.12,1337.12,936.3839999999999
60,2022-09,1075.91,0.0,-1075.91,-1075.91,1075.91,753.537
60,2023-08,1379.53,0.0,-1379.53,-1379.53,1379.53,966.0709999999999
60,2023-11,1573.63,0.0,-1573.63,-1573.63,1573.63,1101.941
61,2023-01,366.13,0.0,-366.13,-366.13,366.13,256.69100000000003
62,2021-02,1964.95,0.0,-1964.95,-1964.95,1964.95,1375.8650000000002
62,2021-09,1460.53,0.0,-1460.53,-1460.53,1460.53,1022.771
62,2021-11,709.58,0.0,-709.58,-709.58,709.58,497.106
62,2024-10,1512.66,0.0,-1512.66,-1512.66,1512.66,1059.2620000000002
63,2020-06,1729.41,0.0,-1729.41,-1729.41,1729.41,1210.987
63,2021-03,706.73,0.0,-706.73,-706.73,706.73,495.11100000000005
63,2023-12,1894.38,0.0,-1894.38,-1894.38,1894.38,1326.466
63,2024-11,1849.5,0.0,-1849.5,-1849.5,1849.5,1295.0500000000002
64,2020-09,865.28,0.0,-865.28,-865.28,865.28,606.096
65,2020-10,1471.72,0.0,-1471.72,-1471.72,1471.72,1030.604
65,2023-09,1500.43,0.0,-1500.43,-1500.43,1500.43,1050.701
65,2024-12,1157.94,0.0,-1157.94,-1157.94,1157.94,810.9580000000001
66,2021-11,877.0,0.0,-877.0,-877.0,877.0,614.3
66,2023-04,1814.75,0.0,-1814.75,-1814.75,1814.75,1270.725
67,2023-03,0.0,987.0,987.0,1.0,0.0,0.0
67,2023-08,548.17,0.0,-548.17,-548.17,548.17,384.119
67,2024-11,1736.06,0.0,-1736.06,-1736.06,1736.06,1215.642
68,2022-08,1197.85,0.0,-1197.85,-1197.85,1197.85,838.895
68,2022-11,68.09,0.0,-68.09,-68.09,68.09,48.063
69,2022-08,93.71,0.0,-93.71,-93.71,93.71,65.997
69,2024-01,1451.74,0.0,-1451.74,-1451.74,1451.74,1016.6179999999999
69,2024-02,0.0,2533.0,2533.0,1.0,0.0,0.0
69,2024-03,1037.58,0.0,-1037.58,-1037.58,1037.58,726.7059999999999
69,2024-10,0.0,4996.0,4996.0,1.0,0.0,0.0
70,2022-02,0.0,2735.0,2735.0,1.0,0.0,0.0
70,2023-09,872.99,0.0,-872.99,-872.99,872.99,611.4929999999999
71,2020-12,1999.15,0.0,-1999.15,-1999.15,1999.15,1399.805
71,2021-07,1421.9,0.0,-1421.9,-1421.9,1421.9,995.73
72,2020-04,1406.62,0.0,-1406.62,-1406.62,1406.62,985.0339999999999
72,2021-12,0.0,2856.0,2856.0,1.0,0.0,0.0
73,2020-11,1730.57,0.0,-1730.57,-1730.57,1730.57,1211.799
74,2024-03,136.95,0.0,-136.95,-136.95,136.95,96.26499999999999
75,2020-08,465.81,0.0,-465.81,-465.81,465.81,326.467
75,2021-04,1808.91,0.0,-1808.91,-1808.91,1808.91,1266.6370000000002
75,2022-06,1938.15,0.0,-1938.15,-1938.15,1938.15,1357.105
76,2024-04,1813.54,0.0,-1813.54,-1813.54,1813.54,1269.8780000000002
80,2024-05,373.74,0.0,-373.74,-373.74,373.74,262.01800000000003
81,2020-05,1810.63,0.0,-1810.63,-1810.63,1810.63,1267.841
81,2020-10,1642.89,0.0,-1642.89,-1642.89,1642.89,1150.423
81,2021-01,491.06,0.0,-491.06,-491.06,491.06,344.142
81,2024-12,1090.95,0.0,-1090.95,-1090.95,1090.95,764.065
82,2020-10,462.69,0.0,-462.69,-462.69,462.69,324.283
82,2022-04,143.68,0.0,-143.68,-143.68,143.68,100.976
82,2022-09,1350.26,0.0,-1350.26,-1350.26,1350.26,945.582
84,2020-12,1027.24,0.0,-1027.24,-1027.24,1027.24,719.4680000000001
84,2021-11,575.45,0.0,-575.45,-575.45,575.45,403.21500000000003
84,2022-07,607.87,0.0,-607.87,-607.87,607.87,425.909
84,2024-10,320.43,0.0,-320.43,-320.43,320.43,224.70100000000002
85,2024-01,0.0,3657.0,3657.0,1.0,0.0,0.0
86,2021-10,1604.63,0.0,-1604.63,-1604.63,1604.63,1123.641
86,2023-03,682.52,0.0,-682.52,-682.52,682.52,478.164
86,2023-06,631.06,0.0,-631.06,-631.06,631.06,442.14199999999994
86,2023-07,1813.99,0.0,-1813.99,-1813.99,1813.99,1270.1930000000002
86,2024-01,1671.4,0.0,-1671.4,-1671.4,1671.4,1170.38
87,2021-09,0.0,4585.0,4585.0,1.0,0.0,0.0
88,2020-01,836.83,0.0,-836.83,-836.83,836.83,586.181
88,2020-08,0.0,3786.0,3786.0,1.0,0.0,0.0
88,2020-11,1956.19,0.0,-1956.19,-1956.19,1956.19,1369.7330000000002
89,2020-03,1162.57,0.0,-1162.57,-1162.57,1162.57,814.199
89,2020-04,1442.31,0.0,-1442.31,-1442.31,1442.31,1010.0169999999999
89,2020-10,191.74,0.0,-191.74,-191.74,191.74,134.618
89,2024-04,0.0,591.0,591.0,1.0,0.0,0.0
90,2020-08,818.09,0.0,-818.09,-818.09,818.09,573.063
90,2021-01,1343.33,0.0,-1343.33,-1343.33,1343.33,940.731
90,2022-01,0.0,1022.0,1022.0,1.0,0.0,0.0
90,2022-08,0.0,2588.0,2588.0,1.0,0.0,0.0
90,2024-07,0.0,2163.0,2163.0,1.0,0.0,0.0
90,2024-12,0.0,3625.0,3625.0,1.0,0.0,0.0
92,2020-01,1533.97,0.0,-1533.97,-1533.97,1533.97,1074.179
92,2021-07,1010.78,0.0,-1010.78,-1010.78,1010.78,707.9459999999999
92,2023-01,1324.46,0.0,-1324.46,-1324.46,1324.46,927.5220000000002
92,2024-01,1388.94,0.0,-1388.94,-1388.94,1388.94,972.658
93,2020-04,1185.08,0.0,-1185.08,-1185.08,1185.08,829.9559999999999
93,2022-03,240.98,0.0,-240.98,-240.98,240.98,169.086
93,2022-04,0.0,3208.0,3208.0,1.0,0.0,0.0
93,2023-08,0.0,3072.0,3072.0,1.0,0.0,0.0
93,2024-02,1457.58,0.0,-1457.58,-1457.58,1457.58,1020.7059999999999
94,2023-08,698.04,0.0,-698.04,-698.04,698.04,489.02799999999996
94,2024-06,1008.66,0.0,-1008.66,-1008.66,1008.66,706.462
95,2020-04,710.1,0.0,-710.1,-710.1,710.1,497.47
95,2023-10,323.65,0.0,-323.65,-323.65,323.65,226.95499999999998
95,2024-05,630.04,0.0,-630.04,-630.04,630.04,441.428
96,2021-08,1527.59,0.0,-1527.59,-1527.59,1527.59,1069.713
96,2021-09,1221.9,0.0,-1221.9,-1221.9,1221.9,855.73
96,2021-11,1095.49,0.0,-1095.49,-1095.49,1095.49,767.2429999999999
96,2022-02,755.18,0.0,-755.18,-755.18,755.18,529.026
96,2024-07,57.27,0.0,-57.27,-57.27,57.27,40.489000000000004
96,2024-11,0.0,1211.0,1211.0,1.0,0.0,0.0
97,2022-10,1279.51,0.0,-1279.51,-1279.51,1279.51,896.057
97,2023-04,0.0,4124.0,4124.0,1.0,0.0,0.0
98,2022-09,1497.2,0.0,-1497.2,-1497.2,1497.2,1048.44
98,2023-03,1314.25,0.0,-1314.25,-1314.25,1314.25,920.375
99,2021-11,225.61,0.0,-225.61,-225.61,225.61,158.327
99,2022-01,696.49,0.0,-696.49,-696.49,696.49,487.94300000000004
99,2022-07,608.47,0.0,-608.47,-608.47,608.47,426.329
99,2022-11,0.0,597.0,597.0,1.0,0.0,0.0
99,2023-05,1404.44,0.0,-1404.44,-1404.44,1404.44,983.508
99,2023-07,183.18,0.0,-183.18,-183.18,183.18,128.626
99,2023-09,33.17,0.0,-33.17,-33.17,33.17,23.619
99,2023-10,437.89,0.0,-437.89,-437.89,437.89,306.923
100,2020-11,433.13,0.0,-433.13,-433.13,433.13,303.591
100,2024-02,1231.79,0.0,-1231.79,-1231.79,1231.79,862.653
100,2024-06,1654.76,0.0,-1654.76,-1654.76,1654.76,1158.732
101,2021-04,1898.53,0.0,-1898.53,-1898.53,1898.53,1329.371
101,2021-06,698.59,0.0,-698.59,-698.59,698.59,489.413
101,2023-05,0.0,2654.0,2654.0,1.0,0.0,0.0
101,2024-07,1756.73,0.0,-1756.73,-1756.73,1756.73,1230.111
101,2024-10,727.01,0.0,-727.01,-727.01,727.01,509.307
103,2020-02,1485.69,0.0,-1485.69,-1485.69,1485.69,1040.383
103,2020-07,1979.15,0.0,-1979.15,-1979.15,1979.15,1385.805
103,2021-02,252.48,0.0,-252.48,-252.48,252.48,177.136
103,2021-09,0.0,2771.0,2771.0,1.0,0.0,0.0
103,2023-11,1899.4,0.0,-1899.4,-1899.4,1899.4,1329.98
104,2020-03,1742.33,0.0,-1742.33,-1742.33,1742.33,1220.031
104,2020-08,1509.42,0.0,-1509.42,-1509.42,1509.42,1056.9940000000001
104,2021-02,1712.35,0.0,-1712.35,-1712.35,1712.35,1199.045
104,2022-06,886.04,0.0,-886.04,-886.04,886.04,620.6279999999999
104,2022-10,1648.49,0.0,-1648.49,-1648.49,1648.49,1154.343
104,2023-05,0.0,1408.0,1408.0,1.0,0.0,0.0
104,2023-10,315.64,0.0,-315.64,-315.64,315.64,221.348
106,2020-05,1155.84,0.0,-1155.84,-1155.84,1155.84,809.4879999999999
106,2024-09,1436.41,0.0,-1436.41,-1436.41,1436.41,1005.8870000000001
107,2020-02,333.68,0.0,-333.68,-333.68,333.68,233.976
108,2020-07,232.63,0.0,-232.63,-232.63,232.63,163.24099999999999
108,2021-09,1580.56,0.0,-1580.56,-1580.56,1580.56,1106.792
108,2023-09,15.45,0.0,-15.45,-15.45,15.45,11.215
109,2022-03,195.75,0.0,-195.75,-195.75,195.75,137.425
109,2023-05,1043.01,0.0,-1043.01,-1043.01,1043.01,730.5070000000001
110,2022-04,881.95,0.0,-881.95,-881.95,881.95,617.7650000000001
111,2020-01,556.45,0.0,-556.45,-556.45,556.45,389.915
111,2020-10,0.0,4875.0,4875.0,1.0,0.0,0.0
111,2023-09,0.0,3645.0,3645.0,1.0,0.0,0.0
112,2022-08,1845.23,0.0,-1845.23,-1845.23,1845.23,1292.0610000000001
112,2022-12,963.23,0.0,-963.23,-963.23,963.23,674.6610000000001
113,2021-03,0.0,2877.0,2877.0,1.0,0.0,0.0
113,2021-05,337.67,0.0,-337.67,-337.67,337.67,236.769
113,2021-07,1693.41,0.0,-1693.41,-1693.41,1693.41,1185.7870000000003
113,2021-11,1209.22,0.0,-1209.22,-1209.22,1209.22,846.854
113,2022-02,0.0,2520.0,2520.0,1.0,0.0,0.0
113,2022-09,544.24,0.0,-544.24,-544.24,544.24,381.368
114,2023-07,281.54,0.0,-281.54,-281.54,281.54,197.478
114,2024-04,0.0,2036.0,2036.0,1.0,0.0,0.0
115,2022-07,1405.84,0.0,-1405.84,-1405.84,1405.84,984.4879999999999
115,2023-11,1730.61,0.0,-1730.61,-1730.61,1730.61,1211.827
116,2021-11,192.51,0.0,-192.51,-192.51,192.51,135.15699999999998
116,2022-05,687.78,0.0,-687.78,-687.78,687.78,481.846
116,2022-08,699.26,0.0,-699.26,-699.26,699.26,489.88199999999995
116,2023-01,1265.2,0.0,-1265.2,-1265.2,1265.2,886.04
116,2023-06,871.37,0.0,-871.37,-871.37,871.37,610.359
117,2020-09,1827.14,0.0,-1827.14,-1827.14,1827.14,1279.3980000000001
117,2023-03,1328.26,0.0,-1328.26,-1328.26,1328.26,930.182
117,2024-06,255.24,0.0,-255.24,-255.24,255.24,179.068
117,2024-10,1661.67,0.0,-1661.67,-1661.67,1661.67,1163.569
118,2021-09,1604.28,0.0,-1604.28,-1604.28,1604.28,1123.3960000000002
118,2024-11,0.0,1077.0,1077.0,1.0,0.0,0.0
119,2022-07,0.0,3138.0,3138.0,1.0,0.0,0.0
120,2022-04,773.85,0.0,-773.85,-773.85,773.85,542.095
120,2024-11,0.0,4045.0,4045.0,1.0,0.0,0.0
121,2021-10,0.0,3540.0,3540.0,1.0,0.0,0.0
121,2021-11,904.15,0.0,-904.15,-904.15,904.15,633.3050000000001
122,2020-07,1372.38,0.0,-1372.38,-1372.38,1372.38,961.066
122,2024-06,1731.25,0.0,-1731.25,-1731.25,1731.25,1212.275
123,2021-06,1067.02,0.0,-1067.02,-1067.02,1067.02,747.3140000000001
123,2022-02,640.91,0.0,-640.91,-640.91,640.91,449.03700000000003
124,2020-02,1817.74,0.0,-1817.74,-1817.74,1817.74,1272.8180000000002
124,2021-03,1204.82,0.0,-1204.82,-1204.82,1204.82,843.7739999999999
124,2022-11,0.0,3205.0,3205.0,1.0,0.0,0.0
124,2023-05,910.99,0.0,-910.99,-910.99,910.99,638.0930000000001
124,2024-03,951.24,0.0,-951.24,-951.24,951.24,666.268
124,2024-07,0.0,2266.0,2266.0,1.0,0.0,0.0
125,2023-03,19.29,0.0,-19.29,-19.29,19.29,13.902999999999999
126,2022-01,1043.47,0.0,-1043.47,-1043.47,1043.47,730.829
126,2024-08,184.17,0.0,-184.17,-184.17,184.17,129.319
127,2023-08,211.5,0.0,-211.5,-211.5,211.5,148.45
127,2024-02,1033.48,0.0,-1033.48,-1033.48,1033.48,723.836
128,2021-06,0.0,4282.0,4282.0,1.0,0.0,0.0
128,2022-03,1047.02,0.0,-1047.02,-1047.02,1047.02,733.3140000000001
128,2022-04,0.0,2306.0,2306.0,1.0,0.0,0.0
128,2022-08,1458.44,0.0,-1458.44,-1458.44,1458.44,1021.308
128,2022-12,1088.67,0.0,-1088.67,-1088.67,1088.67,762.469
128,2023-09,0.0,740.0,740.0,1.0,0.0,0.0
128,2024-07,0.0,2674.0,2674.0,1.0,0.0,0.0
129,2020-05,495.02,0.0,-495.02,-495.02,495.02,346.914
129,2021-09,1747.27,0.0,-1747.27,-1747.27,1747.27,1223.489
129,2021-11,56.12,0.0,-56.12,-56.12,56.12,39.684
129,2022-01,1052.65,0.0,-1052.65,-1052.65,1052.65,737.2550000000001
129,2022-10,318.69,0.0,-318.69,-318.69,318.69,223.483
129,2024-05,0.0,1871.0,1871.0,1.0,0.0,0.0
129,2024-07,0.0,4900.0,4900.0,1.0,0.0,0.0
130,2020-01,1341.27,0.0,-1341.27,-1341.27,1341.27,939.289
130,2020-12,935.33,0.0,-935.33,-935.33,935.33,655.1310000000001
130,2021-04,1537.89,0.0,-1537.89,-1537.89,1537.89,1076.923
130,2021-08,1628.82,0.0,-1628.82,-1628.82,1628.82,1140.574
130,2022-03,0.0,3186.0,3186.0,1.0,0.0,0.0
130,2023-09,1324.59,0.0,-1324.59,-1324.59,1324.59,927.6129999999999
130,2024-09,169.64,0.0,-169.64,-169.64,169.64,119.148
131,2020-04,1201.9,0.0,-1201.9,-1201.9,1201.9,841.73
131,2020-09,0.0,826.0,826.0,1.0,0.0,0.0
131,2021-05,110.65,1517.0,1406.35,0.9270599868160844,0.07294001318391563,0.051058009228740944
131,2022-12,1614.27,0.0,-1614.27,-1614.27,1614.27,1130.3890000000001
132,2020-03,0.0,3071.0,3071.0,1.0,0.0,0.0
132,2020-08,1081.06,0.0,-1081.06,-1081.06,1081.06,757.142
132,2021-11,67.62,0.0,-67.62,-67.62,67.62,47.73400000000001
134,2020-01,1557.81,0.0,-1557.81,-1557.81,1557.81,1090.867
134,2021-06,1982.06,0.0,-1982.06,-1982.06,1982.06,1387.842
135,2020-10,1562.43,0.0,-1562.43,-1562.43,1562.43,1094.101
135,2021-11,518.1,0.0,-518.1,-518.1,518.1,363.07000000000005
135,2022-08,1135.64,0.0,-1135.64,-1135.64,1135.64,795.3480000000001
135,2023-01,555.22,0.0,-555.22,-555.22,555.22,389.05400000000003
136,2020-05,389.31,0.0,-389.31,-389.31,389.31,272.91700000000003
136,2020-11,1676.58,0.0,-1676.58,-1676.58,1676.58,1174.0059999999999
136,2022-05,457.44,0.0,-457.44,-457.44,457.44,320.608
137,2021-08,1233.47,0.0,-1233.47,-1233.47,1233.47,863.829
137,2021-10,228.75,0.0,-228.75,-228.75,228.75,160.525
137,2023-01,249.36,0.0,-249.36,-249.36,249.36,174.952
137,2024-03,97.26,0.0,-97.26,-97.26,97.26,68.482
138,2024-03,397.55,0.0,-397.55,-397.55,397.55,278.685
139,2020-10,686.35,0.0,-686.35,-686.35,686.35,480.845
139,2022-10,227.36,0.0,-227.36,-227.36,227.36,159.55200000000002
140,2022-04,830.66,0.0,-830.66,-830.66,830.66,581.862
140,2024-01,0.0,2372.0,2372.0,1.0,0.0,0.0
140,2024-05,647.42,0.0,-647.42,-647.42,647.42,453.59399999999994
141,2024-12,466.42,0.0,-466.42,-466.42,466.42,326.894
142,2021-08,663.83,0.0,-663.83,-663.83,663.83,465.081
142,2022-01,1732.39,0.0,-1732.39,-1732.39,1732.39,1213.073
142,2023-10,545.48,0.0,-545.48,-545.48,545.48,382.236
143,2021-12,1741.03,0.0,-1741.03,-1741.03,1741.03,1219.121
143,2023-01,1800.38,0.0,-1800.38,-1800.38,1800.38,1260.6660000000002
144,2022-07,1119.0,0.0,-1119.0,-1119.0,1119.0,783.7
144,2022-10,492.49,0.0,-492.49,-492.49,492.49,345.14300000000003
144,2023-10,0.0,2313.0,2313.0,1.0,0.0,0.0
144,2024-02,101.1,0.0,-101.1,-101.1,101.1,71.17
144,2024-05,0.0,2329.0,2329.0,1.0,0.0,0.0
144,2024-10,0.0,3467.0,3467.0,1.0,0.0,0.0
145,2022-05,582.7,0.0,-582.7,-582.7,582.7,408.29
145,2022-12,0.0,2694.0,2694.0,1.0,0.0,0.0
145,2024-11,1928.07,0.0,-1928.07,-1928.07,1928.07,1350.049
146,2020-11,1594.49,0.0,-1594.49,-1594.49,1594.49,1116.5430000000001
146,2022-03,703.17,0.0,-703.17,-703.17,703.17,492.619
147,2021-12,1933.71,0.0,-1933.71,-1933.71,1933.71,1353.9969999999998
147,2022-01,0.0,1857.0,1857.0,1.0,0.0,0.0
147,2022-11,0.0,4888.0,4888.0,1.0,0.0,0.0
147,2023-03,456.79,0.0,-456.79,-456.79,456.79,320.153
147,2024-08,1234.23,0.0,-1234.23,-1234.23,1234.23,864.3610000000001
147,2024-10,1546.57,0.0,-1546.57,-1546.57,1546.57,1082.999
148,2022-02,1540.25,0.0,-1540.25,-1540.25,1540.25,1078.575
148,2022-04,982.51,0.0,-982.51,-982.51,982.51,688.1569999999999
148,2022-07,1475.87,0.0,-1475.87,-1475.87,1475.87,1033.509
148,2022-12,1836.92,0.0,-1836.92,-1836.92,1836.92,1286.2440000000001
150,2020-09,1858.91,0.0,-1858.91,-1858.91,1858.91,1301.6370000000002
150,2023-04,1900.64,0.0,-1900.64,-1900.64,1900.64,1330.848
151,2021-08,189.7,0.0,-189.7,-189.7,189.7,133.19
151,2021-11,1843.86,0.0,-1843.86,-1843.86,1843.86,1291.1019999999999
151,2022-05,1573.75,0.0,-1573.75,-1573.75,1573.75,1102.025
151,2023-04,1411.96,0.0,-1411.96,-1411.96,1411.96,988.7720000000002
152,2020-04,314.15,0.0,-314.15,-314.15,314.15,220.305
152,2021-09,684.68,0.0,-684.68,-684.68,684.68,479.67599999999993
152,2022-01,1858.46,0.0,-1858.46,-1858.46,1858.46,1301.3220000000001
152,2022-04,204.39,0.0,-204.39,-204.39,204.39,143.473
152,2023-10,233.91,0.0,-233.91,-233.91,233.91,164.137
152,2024-01,566.46,0.0,-566.46,-566.46,566.46,396.922
153,2022-02,0.0,2920.0,2920.0,1.0,0.0,0.0
153,2023-10,1575.24,0.0,-1575.24,-1575.24,1575.24,1103.0680000000002
153,2023-11,594.63,0.0,-594.63,-594.63,594.63,416.64099999999996
154,2020-01,1848.58,0.0,-1848.58,-1848.58,1848.58,1294.406
154,2024-04,1311.28,0.0,-1311.28,-1311.28,1311.28,918.296
155,2021-07,0.0,1676.0,1676.0,1.0,0.0,0.0
155,2023-08,824.47,0.0,-824.47,-824.47,824.47,577.529
157,2020-06,883.92,0.0,-883.92,-883.92,883.92,619.144
158,2020-12,265.5,0.0,-265.5,-265.5,265.5,186.25
158,2022-10,1259.35,0.0,-1259.35,-1259.35,1259.35,881.9449999999999
158,2023-12,744.15,0.0,-744.15,-744.15,744.15,521.305
158,2024-09,0.0,880.0,880.0,1.0,0.0,0.0
159,2022-05,822.44,0.0,-822.44,-822.44,822.44,576.1080000000001
160,2021-07,1725.6,0.0,-1725.6,-1725.6,1725.6,1208.32
160,2021-10,866.91,0.0,-866.91,-866.91,866.91,607.237
160,2022-04,1420.39,0.0,-1420.39,-1420.39,1420.39,994.673
160,2022-06,1171.57,0.0,-1171.57,-1171.57,1171.57,820.499
160,2022-07,1239.49,0.0,-1239.49,-1239.49,1239.49,868.043
160,2023-04,964.57,0.0,-964.57,-964.57,964.57,675.599
160,2024-08,1671.53,0.0,-1671.53,-1671.53,1671.53,1170.471
161,2020-10,0.0,3402.0,3402.0,1.0,0.0,0.0
161,2022-04,2317.11,0.0,-2317.11,-2317.11,2317.11,1622.3770000000002
161,2022-11,380.91,0.0,-380.91,-380.91,380.91,267.03700000000003
161,2023-07,1826.23,0.0,-1826.23,-1826.23,1826.23,1278.761
161,2023-10,184.38,0.0,-184.38,-184.38,184.38,129.466
161,2024-01,1881.47,0.0,-1881.47,-1881.47,1881.47,1317.429
161,2024-04,0.0,4486.0,4486.0,1.0,0.0,0.0
162,2020-11,147.22,0.0,-147.22,-147.22,147.22,103.45400000000001
162,2021-05,1610.42,0.0,-1610.42,-1610.42,1610.42,1127.694
163,2020-12,1731.87,0.0,-1731.87,-1731.87,1731.87,1212.7089999999998
163,2021-01,101.52,0.0,-101.52,-101.52,101.52,71.464
163,2022-07,0.0,4727.0,4727.0,1.0,0.0,0.0
163,2024-02,400.17,0.0,-400.17,-400.17,400.17,280.519
164,2020-05,1714.9,0.0,-1714.9,-1714.9,1714.9,1200.8300000000002
164,2022-03,0.0,1609.0,1609.0,1.0,0.0,0.0
164,2022-12,1655.71,0.0,-1655.71,-1655.71,1655.71,1159.397
165,2021-11,144.68,0.0,-144.68,-144.68,144.68,101.67600000000002
166,2022-04,671.11,0.0,-671.11,-671.11,671.11,470.177
167,2020-12,1764.02,0.0,-1764.02,-1764.02,1764.02,1235.214
168,2022-05,1985.77,0.0,-1985.77,-1985.77,1985.77,1390.439
168,2023-11,1505.35,0.0,-1505.35,-1505.35,1505.35,1054.145
168,2024-02,429.04,0.0,-429.04,-429.04,429.04,300.728
169,2022-10,471.39,0.0,-471.39,-471.39,471.39,330.37300000000005
170,2020-06,146.36,0.0,-146.36,-146.36,146.36,102.852
170,2021-12,797.58,0.0,-797.58,-797.58,797.58,558.706
170,2023-06,411.82,0.0,-411.82,-411.82,411.82,288.674
170,2023-08,1458.39,0.0,-1458.39,-1458.39,1458.39,1021.2730000000001
171,2021-02,267.08,0.0,-267.08,-267.08,267.08,187.356
171,2024-09,905.21,0.0,-905.21,-905.21,905.21,634.047
172,2020-03,0.0,2394.0,2394.0,1.0,0.0,0.0
172,2021-06,1489.18,0.0,-1489.18,-1489.18,1489.18,1042.826
172,2021-11,1242.9,0.0,-1242.9,-1242.9,1242.9,870.4300000000001
172,2022-03,1191.51,0.0,-1191.51,-1191.51,1191.51,834.457
172,2023-09,661.33,0.0,-661.33,-661.33,661.33,463.331
173,2023-07,363.39,0.0,-363.39,-363.39,363.39,254.773
174,2023-05,1921.51,0.0,-1921.51,-1921.51,1921.51,1345.4569999999999
175,2020-02,97.73,0.0,-97.73,-97.73,97.73,68.811
175,2020-04,0.0,3210.0,3210.0,1.0,0.0,0.0
175,2021-05,1328.91,0.0,-1328.91,-1328.91,1328.91,930.6370000000001
175,2023-02,0.0,4981.0,4981.0,1.0,0.0,0.0
176,2022-04,279.82,0.0,-279.82,-279.82,279.82,196.274
176,2023-05,0.0,2078.0,2078.0,1.0,0.0,0.0
176,2024-12,1325.61,0.0,-1325.61,-1325.61,1325.61,928.327
178,2022-03,103.3,0.0,-103.3,-103.3,103.3,72.71
178,2024-02,1610.13,0.0,-1610.13,-1610.13,1610.13,1127.491
179,2021-03,317.91,0.0,-317.91,-317.91,317.91,222.937
179,2024-05,276.42,0.0,-276.42,-276.42,276.42,193.894
179,2024-08,438.78,0.0,-438.78,-438.78,438.78,307.546
180,2020-02,1475.58,0.0,-1475.58,-1475.58,1475.58,1033.306
180,2021-11,662.56,0.0,-662.56,-662.56,662.56,464.19199999999995
180,2023-08,0.0,2942.0,2942.0,1.0,0.0,0.0
180,2024-03,883.55,0.0,-883.55,-883.55,883.55,618.885
181,2023-08,932.06,0.0,-932.06,-932.06,932.06,652.842
182,2022-05,113.06,0.0,-113.06,-113.06,113.06,79.542
183,2022-09,1445.59,0.0,-1445.59,-1445.59,1445.59,1012.3129999999999
183,2024-07,1932.01,0.0,-1932.01,-1932.01,1932.01,1352.807
184,2021-10,259.09,0.0,-259.09,-259.09,259.09,181.76299999999998
184,2022-01,1412.75,0.0,-1412.75,-1412.75,1412.75,989.325
185,2021-03,0.0,820.0,820.0,1.0,0.0,0.0
185,2022-02,1255.73,0.0,-1255.73,-1255.73,1255.73,879.4110000000001
185,2024-02,759.55,0.0,-759.55,-759.55,759.55,532.0849999999999
186,2021-01,437.0,0.0,-437.0,-437.0,437.0,306.3
186,2023-11,1453.12,0.0,-1453.12,-1453.12,1453.12,1017.5840000000001
186,2024-09,486.12,0.0,-486.12,-486.12,486.12,340.68399999999997
187,2021-02,0.0,2530.0,2530.0,1.0,0.0,0.0
187,2021-07,816.01,0.0,-816.01,-816.01,816.01,571.607
187,2022-01,1779.63,0.0,-1779.63,-1779.63,1779.63,1246.141
187,2022-05,1838.35,0.0,-1838.35,-1838.35,1838.35,1287.245
187,2022-07,359.23,0.0,-359.23,-359.23,359.23,251.86100000000002
188,2020-01,856.03,2420.0,1563.97,0.6462685950413223,0.35373140495867766,0.24761198347107438
188,2020-06,493.56,0.0,-493.56,-493.56,493.56,345.892
188,2020-07,0.0,3807.0,3807.0,1.0,0.0,0.0
188,2023-04,0.0,4577.0,4577.0,1.0,0.0,0.0
188,2023-12,191.51,0.0,-191.51,-191.51,191.51,134.457
189,2020-05,1222.17,0.0,-1222.17,-1222.17,1222.17,855.9190000000001
189,2022-08,0.0,3211.0,3211.0,1.0,0.0,0.0
189,2024-07,802.82,0.0,-802.82,-802.82,802.82,562.374
189,2024-09,431.36,0.0,-431.36,-431.36,431.36,302.352
190,2020-01,813.02,0.0,-813.02,-813.02,813.02,569.514
190,2020-05,1277.86,0.0,-1277.86,-1277.86,1277.86,894.9019999999999
190,2020-08,560.23,0.0,-560.23,-560.23,560.23,392.56100000000004
190,2020-12,1318.17,0.0,-1318.17,-1318.17,1318.17,923.119
190,2021-04,475.67,0.0,-475.67,-475.67,475.67,333.369
190,2021-09,1635.61,0.0,-1635.61,-1635.61,1635.61,1145.327
190,2021-11,577.28,0.0,-577.28,-577.28,577.28,404.496
190,2023-12,452.28,0.0,-452.28,-452.28,452.28,316.996
190,2024-07,0.0,2384.0,2384.0,1.0,0.0,0.0
191,2020-08,212.78,0.0,-212.78,-212.78,212.78,149.346
191,2023-01,1978.91,0.0,-1978.91,-1978.91,1978.91,1385.6370000000002
191,2023-04,692.9,0.0,-692.9,-692.9,692.9,485.42999999999995
191,2024-10,396.71,0.0,-396.71,-396.71,396.71,278.097
192,2020-05,1449.47,0.0,-1449.47,-1449.47,1449.47,1015.029
192,2023-07,366.9,0.0,-366.9,-366.9,366.9,257.23
192,2023-10,635.86,0.0,-635.86,-635.86,635.86,445.50200000000007
192,2024-09,330.3,0.0,-330.3,-330.3,330.3,231.61
193,2021-02,130.49,0.0,-130.49,-130.49,130.49,91.743
194,2022-05,0.0,685.0,685.0,1.0,0.0,0.0
194,2023-05,1218.56,0.0,-1218.56,-1218.56,1218.56,853.392
195,2022-01,1869.82,0.0,-1869.82,-1869.82,1869.82,1309.274
195,2022-10,1103.96,0.0,-1103.96,-1103.96,1103.96,773.172
195,2024-03,1627.16,0.0,-1627.16,-1627.16,1627.16,1139.4120000000003
196,2023-11,1449.89,0.0,-1449.89,-1449.89,1449.89,1015.3230000000001
197,2022-04,145.26,0.0,-145.26,-145.26,145.26,102.082
197,2023-11,0.0,1190.0,1190.0,1.0,0.0,0.0
197,2024-09,0.0,2232.0,2232.0,1.0,0.0,0.0
198,2021-06,134.99,0.0,-134.99,-134.99,134.99,94.893
198,2022-05,743.03,0.0,-743.03,-743.03,743.03,520.521
198,2022-10,1866.72,0.0,-1866.72,-1866.72,1866.72,1307.104
199,2020-02,1787.12,0.0,-1787.12,-1787.12,1787.12,1251.384
199,2022-03,1740.54,0.0,-1740.54,-1740.54,1740.54,1218.7779999999998
200,2020-07,0.0,2069.0,2069.0,1.0,0.0,0.0
200,2021-07,1197.51,0.0,-1197.51,-1197.51,1197.51,838.6569999999999
200,2022-02,1191.67,0.0,-1191.67,-1191.67,1191.67,834.5690000000001
